learning_rate,epochs,train_losses,val_losses,last_val_loss
2e-05,3,"[1.7774615433157943, 1.392970332285253, 1.0386405718035814]","[1.5566692286067538, 1.200165182352066, 1.0625829961564806]",1.0625829961564806
1e-05,3,"[1.8471622554267324, 1.6527704959962426, 1.348879856307332]","[1.7236490514543321, 1.431250873539183, 1.2291894290182326]",1.2291894290182326
