learning_rate,epochs,decay,train_losses,val_losses,last_val_loss
2e-05,4,0.5,"[1.8083615448416732, 1.400916634536371, 1.0460511140707063, 0.7654394020394581]","[1.6388973063892789, 1.2081337968508403, 1.117389205429289, 1.1280099617110357]",1.1280099617110357
2e-05,4,0.1,"[1.774237475744108, 1.3704933349679156, 1.0600279903993375, 0.7475907649935746]","[1.5274700853559706, 1.2738614910178714, 1.1707200441095564, 1.1828222109211817]",1.1828222109211817
3e-05,4,0.1,"[1.7663859245253772, 1.364966556793306, 0.9838118654925648, 0.6872704152653857]","[1.49877358145184, 1.1924431754483118, 1.1904891199535794, 1.1994893948237102]",1.1994893948237102
2e-05,4,0.2,"[1.7828498206487515, 1.4058574743387175, 1.065222583165983, 0.8076201626440374]","[1.617601129743788, 1.362768057319853, 1.1994627449247572, 1.203529718849394]",1.203529718849394
3e-05,3,0.5,"[1.7141453725535696, 1.2779040743664998, 0.9184047361699547]","[1.4074269202020433, 1.1634127365218268, 1.2125986284679837]",1.2125986284679837
1e-05,6,0.2,"[1.8190170468353644, 1.6813564504065164, 1.3675062336572787, 1.0857538740809372, 0.8776948786363369, 0.6795287648352181]","[1.7385350598229303, 1.4970309403207567, 1.2654803494612377, 1.187307169040044, 1.1173219217194452, 1.217519332965215]",1.217519332965215
3e-05,4,0.2,"[1.7247145960970622, 1.2738417590536721, 0.8884654568462838, 0.5832265898948763]","[1.4272963503996532, 1.2600233753522236, 1.1545012245575588, 1.2262581818633609]",1.2262581818633609
1e-05,5,0.5,"[1.8429188844634266, 1.7186264555628707, 1.4415766073436271, 1.1415747840230057, 0.9289060583928737]","[1.7284110519621108, 1.5856208006540935, 1.2722158432006836, 1.1868899365266163, 1.2748386396302118]",1.2748386396302118
1e-05,4,0.1,"[1.8476515252415726, 1.7342272211865681, 1.4267360480820261, 1.1176776493467935]","[1.7506334119372897, 1.5677335129843817, 1.3377223047945235, 1.356834653351042]",1.356834653351042
