learning_rate,epochs,decay,train_losses,val_losses,last_val_loss
1e-05,5,0.008,"[1.7792184265648447, 1.5074315187407703, 1.1684575618767157, 0.9506219959840542, 0.7656445881215538]","[1.8366619679662917, 1.5804875128799014, 1.3571686844031017, 1.3249561157491472, 1.38810329635938]",1.38810329635938
